ray1,ray2,ray3,ray4,ray5,kartx,karty,kartz,time,action
49.0351,6.521043,4.61109,6.489725,4.588912,15.98893,0.2756149,3.105009,0.3733333,NONE
