{"mean": [21.20875296758601, 7.226254928679746, 4.866742741076674, 6.705179672798787, 4.4251739131930625, -8.92503468677566, 6.664825519633684, 12.380385214624207], "std": [5.433725409627859, 4.468791347172691, 2.0082263095870334, 4.780561776044843, 2.0181499364419158, 26.706777948806963, 30.579025972657156, 6.8428723190203495]}